petrovietnam@pvn.vn;gopy@viettel.com.vn;brcweb@brc.com.vn;info@bidv.com.vn;vanthu.corp@vietnamair.com.vn;info@vinacomin.vn;info@vingroup.net;rep-office@thaco.com.vn;pvgas@pvgas.com.vn;webmaster@vietinbank.vn;vanphong@vnpt.vn;cp-newsletters@cp.com.vn;vinamilk@vinamilk.com.vn;info@doji.vn;webmaster@vietcombank.com.vn;investorrelation@masangroup.com;investor@thegioididong.com;hq@vietsov.com.vn;webmaster@fpt.com.vn;contact@pvoil.com.vn;
vanphong@vinaphone.vn;genco3@evn.com.vn;webmaster@mobifone.com.vn;hoaphatgroup@hoaphat.com.vn;pl-nego@cvn.canon.co.jp;sabeco@sabeco.com.vn;pvep.hn@pvep.com.vn;intimexhcm@intimexhcm.com;
customercare@vpb.com.vn;info@pv-power.vn;sgcoop@saigonco-op.com.vn;finance@vietjetair.com;contact@vicem.vn;vinataba@vinataba.com.vn;
bui-thu.huong@unilever.com;service@baoviet.com.vn;scb@scb.com.vn;evngenco2@gmail.com;info@sjc.com.vn;info@sacombank.com;contact@coteccons.vn;ho@techcombank.com.vn;ptsc@ptsc.com.vn;
info@ford.com.vn;customer.service@prudential.com.vn;info@mbbank.com.vn;sales@hoasengroup.vn;vrg@rubbergroup.vn;acb@acb.com.vn;marketing.snp@saigonnewport.com.vn;baovietnhantho@baoviet.com.vn;shbank@shb.com.vn;webconco@conco.com.vn;recruitment@intl.pepsico.com;info@zuelligpharma.com.vn;info.tn@thaihung.com.vn;savico@savico.com.vn;vietnam@olamnet.com;vptct@vietnamairport.vn;info@vietpharm.com.vn; vimedimex@vietpharm.com.vn;
info@dienmaycholon.com.vn;info@vn.panasonic.com;hoabinhminhyb@gmail.com;minhphu@minhphu.com;info@hdbank.com.vn;info@lilama.com.vn;consumer.services@vn.nestle.com;
;ancofeed@anco.com.vn;sp@saigonpetro.com.vn;info@phytopharma.vn;levamhl@yahoo.com;kv1@petrolimex.com.vn;banbientap319@gmail.com;tctdongbac@gmail.com;contact@satra.com.vn;
;info@hbcr.vn;info@tinnghiacorp.com.vn;webinfo@greenfeed.com.vn;habeco@habeco.com.vn;info@petrosetco.com.vn;vanphong@vsfc.com.vn;nvl@novaland.com.vn;info@daikin.com.vn;chamsoc@nguyenkim.com;info@petimex.com.vn;smc@smc.vn;pominasteel@hcm.vnn.vn;website@eximbank.com.vn;delta@hn.vnn.vn;ndhpvn@ndhp.vn;contact@pvi.com.vn;info@namkimgroup.vn;dichvukhachhang@lienvietpostbank.com.vn;info@khatoco.com;
;udic@udic.com.vn;hatien1@hatien1.com.vn;info@ttgroup.com.vn;info@vinaconex.com.vn;
;qnptjsc@hn.vnn.vn;info@tisco.com.vn;pnj@pnj.com.vn;Ban.MTKT@hc.com.vn;acecookvietnam@vnn.vn;info@viglacera.com.vn;msb@msb.com.vn;info@pse.vn;info@pvpnt2.com;
mipec@mipec.com.vn;baohiempvi@pvi.com.vn;vinafood1@vinafood1.com.vn;info@thaibinhshoes.com.vn;contact@sangpharma.com;bvvn@baoviet.com.vn;cothbidodi@hn.vnn.vn;
;vtec@hcm.vnn.vn;info@thp.com.vn;manulifevn_info@manulife.com;vh@vinhhoan.com.vn;thuongmaiktc@khatoco.com;tctvlxd1@hcm.vnn.vn;info@vmgmedia.vn;info@becamex.com.vn;huuhieu@dofico.com.vn;
;info@qns.com.vn;info@pvtrans.com;ktc@ktcvn.com.vn;pvb@pvcombank.vn;saigontourist@sgtourist.com.vn;thalexim@hcm.vnn.vn;vngm@vedaninternational.com;
;info@flc.vn;trade@artexport.com.vn;vinapharm@vinapharm.com.vn;info@opec.vn;contact@dabaco.com.vn;thanmbac@hn.vnn.vn;saigonscf@saigontabac.com.vn;adminppc@ppc.evn.vn;
;seabank@hn.vnn.vn;vib@vib.com.vn;info@samnec.com.vn;phanbon@binhdien.com;info@tondonga.com.vn;info@petrosetco.com.vn;info@dtk.com.vn;vocar@hcm.vnn.vn;cadivi@cadivi.com.vn;
;info@cienco4.vn;info@pvdrilling.com.vn;ptscmc@ptsc.com.vn;lienhe@southerngas.com.vn ; info@southerngas.com.vn;info@tpb.com.vn;vanphong@vtc.vn;vn.customer@aia.com;
;contact@unicons.vn;yensaokh@yensaokhanhhoa.com.vn;info@pvcfv.com.vn;info@vietravel.com.vn;
;admin@mesa.vn;tdnguyenminh@gmail.com;info@gentraco.com.vn;info@newviet.net;info@abbank.vn;cs@vienthonga.com;stapimex@hcm.vnn.vn; stapimex.pmkt@hcm.vnn.vn;info@unicharm.com.vn;
;info@datvietvac.vn;vucdc@mediamart.com.vn;thinhphat@thipha.com.vn;haohung09@yahoo.com;hv.xalotho@gmail.com;plc@petrolimex.com.vn;info@vinaonesteel.com;contact@ricons.vn;contact@ximanghoangthach.com;cns@cns.com.vn;pvgasd@vnn.vn;info@simexcodl.com.vn;contact@vinasuntaxi.com;micco@hn.vnn.vn;vgpipe@hn.vnn.vn;
;vietthang@vietthangfeed.com.vn;Info@quangbinhjsc.com.vn;mail@aicvn.com;info@vinalineslogistics.com.vn;info@cmc.com.vn;hapro@haprogroup.vn;28@agtex.com.vn;contact@nhuatienphong.vn;
;ocb@ocb.com.vn;ree@reecorp.com.vn;vp-sawaco@vnn.vn;info@bigimexcovn.com;thannoidia@fpt.vn;contact@ximangbimson.com.vn;general@goldcoin-vn.com;dhgpharma@dhgpharma.com.vn;
;supelt@supelamthao.vn;idiseafood@vnn.vn;info@tonphuongnam.com.vn;info@tncm.com.vn;tienlen_metal@hcm.vnn.vn;tckt@tuongan.com.vn;vimico@hn.vnn.vn;infor@hancorp.com.vn;info@khangdien.com.vn;ml@mailinh.com.vn;sabecosongtien@yahoo.com.vn;info@longson.vn;info@biendongseafood.com.vn;ntthang@ecpay.vn;vinacafe@hn.vnn.vn;info@vinacafe.com.vn;info@dgw.com.vn;info@kinhdo.vn;
;info@gemadept.com.vn;quocviet_net@sonadezi.com.vn;bichdinh@mrmassangroup.com;thaisoncorp@thaisoncorp.com.vn;binhminhplas@hcm.fpt.vn;
;contact@caosoncoal.com;ctyxsktag@gmail.com;phutaico@dng.vnn.vn;vissanco@vissan.com.vn;tvpco-ltd@hcm.vnn.vn;secretary@japfavietnam.com;vinaapaco@vinaapaco.com;info@apromaco.vn;
;cienco1@hn.vnn.vn;info@nhatthanh.net.vn;xsktkiengiang@yahoo.com.vn;hanhchinh@drc.com.vn;xosoktdongnai@yahoo.com;info@khpc.com.vn;contact@flcfaros.vn;thiennam@tna.com.vn;phukhanh@petrolimex.com.vn;comecopetro@hcm.vnn.vn;vinacafe@vinacafebienhoa.com;nhatrangseafoods@nhatrangseafoods.vn;namabank@namabank.com.vn;info@phattien.com;info@nghetinh-petrolimex.com.vn;
;vesodongthap@gmail.com;indo-trans@itlvn.com;casumina@casumina.com.vn;info@phongphucorp.com;
;agifish.co@agifish.com.vn;;vietabank@vietabank.com.vn;;vptct@transerco.com.vn;;tctnnsg@sagri.com.vn;;vtvxm@vnn.vn;;ttcs@ttcsugar.com.vn;;info@vicostone.com;;office@hoatho.com.vn;
;mts@vmts.vn;;phanminhco@hcm.fpt.vn;;resco@rescovn.com;;contact@sapharco.com;;vinacamstar@gmail.com;;trangkhanh052013@gmail.com;;info@austfeed.com.vn;;info@duytan.com;;info@hanaka.com.vn;
;admin@xosobinhduong.com.vn;;info@hoanglonggroup.com;;partnership@vng.com.vn;;tcm@thanhcong.com.vn;;pcc1@vnn.vn;;info@nhabe.com.vn;;info@ppj-international.com;;thongtin@hdsaison.com.vn;
;info@vnpay.vn;;info@phongphucorp.com;;xsktbrvt@yahoo.com.vn;;info@xaydungtuanloc.com;;info@thepangroup.vn;;info@songhong.vn;;baominh@baominh.com.vn;
;namvietagg@hcm.vnn.vn;;info@tasco.com.vn;;haxaco@hcm.vnn.vn;;ralaco@hn.vnn.vn;;ctmay10@garco10.com.vn;;daithienloc@hcm.vnn.vn;;contact@cocsau.com;;ficocement@tafico.vn;;media@media.datvietvac.vn
;pvoilhanoi@pvoil.com.vn;;info@ttcgroup.vn;;ms-info@microstar.com.vn;;apfcoqng@dng.vnn.vn;;tandongtien@vnn.vn;;vti@vinhtuong.com ; chamsockhachhang@vinhtuong.com;
;vilico@vilico.vn;;info@sctv.com.vn;;cskh@honghafeed.com.vn;;vangdanhcoal@vnn.vn;;info@cii.com.vn;;info@laithieu.com.vn;;info@fitgroup.com.vn;;btn@petrolimex.com.vn;;info@pti.com.vn;
;xaylap96@yahoo.com.vn;;contact@fdcc.com.vn;;info@datxanh.com.vn;;cbt.dgc@ducgiangchem.vn;;quocviet@quocvietseafood.com.vn;;support.hn@ggg.com.vn;;minhngocsteelco@gmail.com;;pitco@pitco.com.vn;
;info@namlongvn.com;;pinaco@pinaco.com.vn;;info@cofico.com.vn;;ad@adcompany.com.vn;;tmthibidi@hcm.vnn.vn;;support@sonha.com.vn;;lienanhcom@hcm.vnn.vn; lienanhrubber@lienanhrubber.com;
;contact@pvgasn.vn;;www.info@goldenquality.vn;;tvc_adm_acc@temuro.co.jp;;vietthang@vietthang.com.vn;;info@timexpetrol.com.vn;;online@pico.com.vn;;infoew@eurowindow.biz;;info@hungthinhcorp.com.vn;
;kienlong@kienlongbank.com;;phamhoanhson.vn@gmail.com;;tuyet.mai@unibenfoods.com;;info@vinhhiepgl.com;;cutruongcong@vfc.com.vn;;ctcpndcp@vnn.vn;;halamcoal@vnn.vn;;fahasa-sg@hcm.vnn.vn;;kimkhitp@hcm.vnn.vn;;lasuco@hn.vnn.vn;;webmaster@vietbank.com.vn;;kd-sfc@phanbonmienam.com.vn;;duongcaotoc@vnn.vn;;mail@eemc.com.vn;;pr@ssi.com.vn;;info@haprosimexjsc.com;;bosuamocchau@gmail.com;
;xosotv@gmail.com;;xdxuanthanh@gmail.com;;sasco@sasco.com.vn;;fimexvn@vnn.vn;;info@cadisun.com.vn;;info@datvietvac.vn;;info@dpmtnb.com.vn;;pjico@petrolimex.com.vn;;admin@cpc1.com.vn;;info@kimtingroup.com;;info@ipc-vietnam.com.vn;;ppmanutra@hn.vnn.vn;;udico@hcm.vnn.vn;;cpnldt.dfc@gmail.com;;info@asia-chemical.com;;info@thienlonggroup.com;;hongha@hsb.com.vn;;saigonford@saigonford.com.vn;
;vinaconexxuanmai@gmail.com;;info@fecon.com.vn;;anphat@anphatplastic.com;;cbt.dgc@ducgiangchem.vn;;support@mayducgiang.com.vn;;info@daidung.com.vn;;info@xsktsoctrang.com;;sales@thanmiennam.com;
;sales@songthu.com.vn;;hoiso@baovietbank.vn;;phanvu@phanvu.com;;vungtau@petrolimex.com;;siwintour@siwintour.com;;hq@hado.com.vn;;contact@tranphu.vn;;phungtuyetnhung@lanchi.vn;;ree@reecorp.com.vn;
;info@tuanviet-trading.com;;info@becameijc.com;;twy@fulinvn.com;;tnh@dienmaythienhoa.vn;;ngapham@phungvinhhung.com;;pvfcco-central@pce.vn;;info@traphaco.com.vn;;ccf@hn.vnn.vn;;info@kinhbaccity.com;;sales@lixco.com;;datc@datc.vn;;dny@thepdana-y.com;;thaonguyen.co.ltd@hcm.fpt.vn ; thaonguyenvn@viettel.vn;;maseco@maseco.com.vn;;cty_tnhh_phattai@yahoo.com;;info@citicom.vn;
;info@trunganrice.com; sales@trunganrice.com;;rice@angimex.com.vn;;info@tng.vn;;sacom@sacom.com.vn;;hoabinhgroup2012@gmail.com;;support@indovinabank.com.vn;;ketoan@duongdong.com.vn;
;info@hungca.com;;saigon@himlam.com;;seahsales@hcm.vnn.vn;;coalimex@fpt.vn;;info@gtnfoods.com.vn;;trading@saigon3.com.vn; planning@saigon3.com.vn;;info@datphuong.com.vn;;Det10-10@hn.vnn.vn;
;info@vinafeed.com;;vicogroup@vnn.vn;;furniture@hoaphat.com.vn;;infor@dapharco.com.vn;;hoangminh@catloi.com.vn;;md1ktkt@yahoo.com.vn;;info@haiphat.com.vn;;info@kimtingroup.com;;hpcc@hn.vn.vnn;
